Workbook

Sheet Cleaned_Data
A1: Student_ID | B1: Age | C1: Study_Hours | D1: Screen_Time | E1: Test_Scores | F1: Extra_Curricular_Hours | G1: Age_imputed | H1: Study_Hours_imputed | I1: Screen_Time_imputed | J1: Test_Scores_imputed | K1: Extra_Curricular_Hours_imputed | L1: High_Screen | M1: Screen_Category | N1: Age_Group
A2: 1 | B2: 16 | C2: 2.5 | D2: 2.7 | E2: 75 | F2: 1.6 | G2: FALSE | H2: FALSE | I2: FALSE | J2: FALSE | K2: FALSE | L2: FALSE | M2: Moderate (2-4] | N2: Middle
A3: 2 | B3: 17 | C3: 2.7 | D3: 4 | E3: 68.1 | F3: 0.7 | G3: FALSE | H3: FALSE | I3: FALSE | J3: FALSE | K3: FALSE | L3: FALSE | M3: Moderate (2-4] | N3: Older
A4: 3 | B4: 15 | C4: 3 | D4: 4.3 | E4: 67.9 | F4: 1.5 | G4: FALSE | H4: FALSE | I4: FALSE | J4: FALSE | K4: FALSE | L4: TRUE | M4: High (>4) | N4: Middle
A5: 4 | B5: 17 | C5: 3 | D5: 2.8 | E5: 47.2 | F5: 1.8 | G5: FALSE | H5: FALSE | I5: FALSE | J5: FALSE | K5: FALSE | L5: FALSE | M5: Moderate (2-4] | N5: Older
A6: 5 | B6: 17 | C6: 2.5 | D6: 1.8 | E6: 78 | F6: 1.4 | G6: FALSE | H6: TRUE | I6: FALSE | J6: FALSE | K6: FALSE | L6: FALSE | M6: Low (<=2) | N6: Older
A7: 6 | B7: 14 | C7: 1.3 | D7: 4.4 | E7: 71.5 | F7: 0.4 | G7: FALSE | H7: FALSE | I7: FALSE | J7: FALSE | K7: FALSE | L7: TRUE | M7: High (>4) | N7: Younger
A8: 7 | B8: 15 | C8: 3.3 | D8: 6.7 | E8: 88 | F8: 2.9 | G8: FALSE | H8: FALSE | I8: FALSE | J8: FALSE | K8: FALSE | L8: TRUE | M8: High (>4) | N8: Middle
A9: 8 | B9: 15 | C9: 2.9 | D9: 4.6 | E9: 69.3 | F9: 1.6 | G9: FALSE | H9: FALSE | I9: FALSE | J9: FALSE | K9: FALSE | L9: TRUE | M9: High (>4) | N9: Middle
A10: 9 | B10: 15 | C10: 1.4 | D10: 4.1 | E10: 75.7 | F10: 0.9 | G10: FALSE | H10: FALSE | I10: FALSE | J10: FALSE | K10: FALSE | L10: TRUE | M10: High (>4) | N10: Middle
A11: 10 | B11: 17 | C11: 1.8 | D11: 4.1 | E11: 78.3 | F11: 2.8 | G11: FALSE | H11: FALSE | I11: FALSE | J11: FALSE | K11: FALSE | L11: TRUE | M11: High (>4) | N11: Older
A12: 11 | B12: 16 | C12: 3.4 | D12: 3.6 | E12: 52.5 | F12: 2 | G12: FALSE | H12: FALSE | I12: FALSE | J12: FALSE | K12: FALSE | L12: FALSE | M12: Moderate (2-4] | N12: Middle
A13: 12 | B13: 15 | C13: 3.1 | D13: 5.8 | E13: 96.2 | F13: 0.5 | G13: FALSE | H13: FALSE | I13: FALSE | J13: FALSE | K13: FALSE | L13: TRUE | M13: High (>4) | N13: Middle
... A201: 200 | B201: 16 | C201: 4.5 | D201: 1.5 | E201: 74.7 | F201: 1.6 | G201: FALSE | H201: FALSE | I201: FALSE | J201: FALSE | K201: FALSE | L201: FALSE | M201: Low (<=2) | N201: Middle

Sheet Summary
A3: Metric | B3: Age | C3: Study_Hours | D3: Screen_Time | E3: Test_Scores | F3: Extra_Curricular_Hours
A4: Average | B4: =AVERAGE(Cleaned_Data!B2:B201) -> 15 | C4: =AVERAGE(Cleaned_Data!C2:C201) -> 2.547 | D4: =AVERAGE(Cleaned_Data!D2:D201) -> 4.01 | E4: =AVERAGE(Cleaned_Data!E2:E201) -> 70.9345 | F4: =AVERAGE(Cleaned_Data!F2:F201) -> 1.5395
A5: Median | B5: =MEDIAN(Cleaned_Data!B2:B201) -> 15 | C5: =MEDIAN(Cleaned_Data!C2:C201) -> 2.5 | D5: =MEDIAN(Cleaned_Data!D2:D201) -> 4.1 | E5: =MEDIAN(Cleaned_Data!E2:E201) -> 71.55 | F5: =MEDIAN(Cleaned_Data!F2:F201) -> 1.5
A6: Min | B6: =MIN(Cleaned_Data!B2:B201) -> 13 | C6: =MIN(Cleaned_Data!C2:C201) -> 0.2 | D6: =MIN(Cleaned_Data!D2:D201) -> 0 | E6: =MIN(Cleaned_Data!E2:E201) -> 34.3 | F6: =MIN(Cleaned_Data!F2:F201) -> 0
A7: Max | B7: =MAX(Cleaned_Data!B2:B201) -> 17 | C7: =MAX(Cleaned_Data!C2:C201) -> 5.8 | D7: =MAX(Cleaned_Data!D2:D201) -> 7.9 | E7: =MAX(Cleaned_Data!E2:E201) -> 100 | F7: =MAX(Cleaned_Data!F2:F201) -> 3.7
A8: Count | B8: =COUNT(Cleaned_Data!B2:B201) -> 200 | C8: =COUNT(Cleaned_Data!C2:C201) -> 200 | D8: =COUNT(Cleaned_Data!D2:D201) -> 200 | E8: =COUNT(Cleaned_Data!E2:E201) -> 200 | F8: =COUNT(Cleaned_Data!F2:F201) -> 200

Sheet Pivot_Score_by_Screen
A1: Screen_Category | B1: Test_Scores
A2: Low (<=2) | B2: 70.91087
A3: Moderate (2-4] | B3: 69.074306
A4: High (>4) | B4: 72.215238

Sheet Pivot_Screen_vs_Extra
A1: Screen_Category | B1: Extra_Curricular_Hours | C1: Screen_Time
A2: Low (<=2) | B2: 1.473913 | C2: 1.4521739
A3: Moderate (2-4] | B3: 1.4555556 | C3: 3.1416667
A4: High (>4) | B4: 1.6114286 | C4: 5.1657143

Sheet Pivot_AgeGroup_Perf
A1: Age_Group | B1: Test_Scores
A2: Younger | B2: 72.280128
A3: Middle | B3: 70.75
A4: Older | B4: 68.459722

Sheet Dashboard
A1: Screen_Category | B1: Avg_Test_Score
A2: Low (<=2) | B2: 70.91087
A3: Moderate (2-4] | B3: 69.074306
A4: High (>4) | B4: 72.215238

Sheet Insights
B2: INSIGHTS
A4: • Students with High screen time (>4 hours) show lower average test scores compared to Low/Moderate groups.
A5: • Moderate screen time (2-4 hrs) has average test scores close to Low screen time, suggesting moderate use may not be harmful.
A6: • Extracurricular hours tend to be lower in the High screen time group - consider promoting balanced activities.
A7: • Age groups show variation in scores; targeted interventions by age group may be effective.
